{"cameraMode":{"drawMode":0,"name":"Shaded","section":"Shading Mode"},"sceneLighting":false,"audioPlay":false,"sceneViewState":{"showFog":true,"showMaterialUpdate":false,"showSkybox":true,"showFlares":true,"showImageEffects":true,"showParticleSystems":true},"in2DMode":false,"pivot":{"x":3.7695975303649904,"y":1.1561874151229859,"z":-3.5583600997924806},"rotation":{"x":0.0047896262258291248,"y":0.09077417105436325,"z":-0.00043717375956475735,"w":0.9958641529083252},"size":7.2451863288879398,"orthographic":false}